[
	{
		"firstName": "Marlon",
		"middleName": null,
		"lastName": "Brando"
	},

	{
		"firstName": "Al",
		"middleName": null,
		"lastName": "Pacino"
	},

	{
		"firstName": "Bruce",
		"middleName": null,
		"lastName": "Lee"
	},

	{
		"firstName": "John",
		"middleName": null,
		"lastName": "Saxon"
	},

	{
		"firstName": "Jim",
		"middleName": null,
		"lastName": "Kelly"
	},

	{
		"firstName": "Bill",
		"middleName": null,
		"lastName": "Murray"
	},

	{
		"firstName": "Scarlett",
		"middleName": null,
		"lastName": "Johansson"
	},

	{
		"firstName": "Patrick",
		"middleName": null,
		"lastName": "Stewart"
	},

	{
		"firstName": "Hugh",
		"middleName": null,
		"lastName": "Jackman"
	},

	{
		"firstName": "Ian",
		"middleName": null,
		"lastName": "McKellen"
	},

	{
		"firstName": "Simon",
		"middleName": null,
		"lastName": "Pegg"
	},

	{
		"firstName": "Edgar",
		"middleName": null,
		"lastName": "Wright"
	}

]