[
	{
		"title" : "Godfather",
		"year" : 1972,
		"rating" : 5,
		"genre" : [{ "id": null, "name": "Crime" }, { "id": null, "name": "Drama" }],
		"actors" : [{ "id": null, "name": "Marlon Brando" }, { "id": null, "name": "Al Pacino" }]
	},
	
	{
		"title" : "Enter the Dragon",
		"year" : 1973,
		"rating" : 5,
		"genre" : [{ "id": null, "name": "Action" }, { "id": null, "name": "Crime" }, { "id": null, "name": "Drama" }],
		"actors" : [{ "id": null, "name": "Bruce Lee" }, { "id": null, "name": "John Saxon" }, { "id": null, "name": "Jim Kelly" }]
	},
	
	{
		"title" : "Lost in Translation",
		"year" : 2003,
		"rating" : 3,
		"genre" : [{ "id": null, "name": "Drama" }],
		"actors" : [{ "id": null, "name": "Bill Murray" }, { "id": null, "name": "Scarlett Johansson" }]
	},
	
	{
		"title" : "X-Men",
		"year" : 2000,
		"rating" : 4,
		"genre" : [{ "id": null, "name": "Action" }, { "id": null, "name": "Adventure" }, { "id": null, "name": "Sci-Fi" }],
		"actors" : [{ "id": null, "name": "Patrick Stewart" }, { "id": null, "name": "Hugh Jackman" }, { "id": null, "name": "Ian McKellen" }]
	},
	
	{
		"title" : "The Worlds End",
		"year" : 2013,
		"rating" : 4,
		"genre" : [{ "id": null, "name": "Action" }, { "id": null, "name": "Comedy" }, { "id": null, "name": "Sci-Fi" }],
		"actors" : [{ "id": null, "name": "Simon Pegg" }, { "id": null, "name": "Edgar Wright" }]
	},

	{
		"title": "Jim Joke",
		"year" : 2015,
		"rating" : 1,
		"genre" : [{ "id": null, "name": "Comedy" }, { "id": null, "name": "Crime" }, { "id": null, "name": "Horror" }],
		"actors" : [{ "id": null, "name": "Jim Wigginton" }, { "id": null, "name": "Leandro Papasedero" }]
	}
]